{
    "epoch": 1.0,
    "eval_loss": 1.2817033529281616,
    "eval_runtime": 48.7034,
    "eval_samples_per_second": 2.628,
    "eval_steps_per_second": 0.329,
    "train_loss": 0.9599232357208461,
    "train_runtime": 10892.939,
    "train_samples_per_second": 0.642,
    "train_steps_per_second": 0.04
}